{
  "project_info": {
    "project_number": "608422070650",
    "project_id": "noteapp-908bd",
    "storage_bucket": "noteapp-908bd.appspot.com"
  },
  "client": [
    {
      "client_info": {
        "mobilesdk_app_id": "1:608422070650:android:d24ed6aa7787501042eec3",
        "android_client_info": {
          "package_name": "com.example.noteapp"
        }
      },
      "oauth_client": [
        {
          "client_id": "608422070650-a80r1qgsall61u92g19r4ste4dj1ujid.apps.googleusercontent.com",
          "client_type": 3
        }
      ],
      "api_key": [
        {
          "current_key": "AIzaSyC4TXSbAeakNEVDcAyynHIiHE8IB1Dw3Bw"
        }
      ],
      "services": {
        "appinvite_service": {
          "other_platform_oauth_client": [
            {
              "client_id": "608422070650-a80r1qgsall61u92g19r4ste4dj1ujid.apps.googleusercontent.com",
              "client_type": 3
            }
          ]
        }
      }
    }
  ],
  "configuration_version": "1"
}